CourseID,YearMonth,MonthlyEnrollment,MonthlyRevenue,Lag1Enrollment,Lag1Revenue,RollingAvgEnrollment3M,CumulativeEnrollmentToDate,NextMonthEnrollment,NextMonthRevenue,CourseCategory,CourseType,CourseLevel,CoursePrice,CourseDuration,CourseRating
CR00001,2025-02,11,5195.08,18.0,8501.039999999999,18.0,18,8.0,3778.24,Programming,Paid,Beginner,472.28,11.0,4.74
CR00001,2025-03,8,3778.24,11.0,5195.08,14.5,29,14.0,6611.92,Programming,Paid,Beginner,472.28,11.0,4.74
CR00001,2025-04,14,6611.92,8.0,3778.24,12.333333333333334,37,17.0,8028.759999999999,Programming,Paid,Beginner,472.28,11.0,4.74
CR00001,2025-05,17,8028.759999999999,14.0,6611.92,11.0,51,11.0,5195.08,Programming,Paid,Beginner,472.28,11.0,4.74
CR00001,2025-06,11,5195.08,17.0,8028.759999999999,13.0,68,12.0,5667.36,Programming,Paid,Beginner,472.28,11.0,4.74
CR00001,2025-07,12,5667.36,11.0,5195.08,14.0,79,12.0,5667.36,Programming,Paid,Beginner,472.28,11.0,4.74
CR00001,2025-08,12,5667.36,12.0,5667.36,13.333333333333334,91,23.0,10862.439999999999,Programming,Paid,Beginner,472.28,11.0,4.74
CR00001,2025-09,23,10862.439999999999,12.0,5667.36,11.666666666666666,103,13.0,6139.639999999999,Programming,Paid,Beginner,472.28,11.0,4.74
CR00001,2025-10,13,6139.639999999999,23.0,10862.439999999999,15.666666666666666,126,13.0,6139.639999999999,Programming,Paid,Beginner,472.28,11.0,4.74
CR00001,2025-11,13,6139.639999999999,13.0,6139.639999999999,16.0,139,12.0,5667.36,Programming,Paid,Beginner,472.28,11.0,4.74
CR00002,2025-02,10,0.0,11.0,0.0,12.0,11,15.0,0.0,Programming,Free,Intermediate,0.0,37.7,2.43
CR00002,2025-03,15,0.0,10.0,0.0,10.5,21,20.0,0.0,Programming,Free,Intermediate,0.0,37.7,2.43
CR00002,2025-04,20,0.0,15.0,0.0,12.0,36,17.0,0.0,Programming,Free,Intermediate,0.0,37.7,2.43
CR00002,2025-05,17,0.0,20.0,0.0,15.0,56,12.0,0.0,Programming,Free,Intermediate,0.0,37.7,2.43
CR00002,2025-06,12,0.0,17.0,0.0,17.333333333333332,73,9.0,0.0,Programming,Free,Intermediate,0.0,37.7,2.43
CR00002,2025-07,9,0.0,12.0,0.0,16.333333333333332,85,17.0,0.0,Programming,Free,Intermediate,0.0,37.7,2.43
CR00002,2025-08,17,0.0,9.0,0.0,12.666666666666666,94,5.0,0.0,Programming,Free,Intermediate,0.0,37.7,2.43
CR00002,2025-09,5,0.0,17.0,0.0,12.666666666666666,111,9.0,0.0,Programming,Free,Intermediate,0.0,37.7,2.43
CR00002,2025-10,9,0.0,5.0,0.0,10.333333333333334,116,11.0,0.0,Programming,Free,Intermediate,0.0,37.7,2.43
CR00002,2025-11,11,0.0,9.0,0.0,10.333333333333334,125,13.0,0.0,Programming,Free,Intermediate,0.0,37.7,2.43
CR00003,2025-02,10,0.0,12.0,0.0,11.5,12,10.0,0.0,Programming,Free,Beginner,0.0,19.53,3.85
CR00003,2025-03,10,0.0,10.0,0.0,11.0,22,14.0,0.0,Programming,Free,Beginner,0.0,19.53,3.85
CR00003,2025-04,14,0.0,10.0,0.0,10.666666666666666,32,13.0,0.0,Programming,Free,Beginner,0.0,19.53,3.85
CR00003,2025-05,13,0.0,14.0,0.0,11.333333333333334,46,16.0,0.0,Programming,Free,Beginner,0.0,19.53,3.85
CR00003,2025-06,16,0.0,13.0,0.0,12.333333333333334,59,17.0,0.0,Programming,Free,Beginner,0.0,19.53,3.85
CR00003,2025-07,17,0.0,16.0,0.0,14.333333333333334,75,16.0,0.0,Programming,Free,Beginner,0.0,19.53,3.85
CR00003,2025-08,16,0.0,17.0,0.0,15.333333333333334,92,14.0,0.0,Programming,Free,Beginner,0.0,19.53,3.85
CR00003,2025-09,14,0.0,16.0,0.0,16.333333333333332,108,15.0,0.0,Programming,Free,Beginner,0.0,19.53,3.85
CR00003,2025-10,15,0.0,14.0,0.0,15.666666666666666,122,23.0,0.0,Programming,Free,Beginner,0.0,19.53,3.85
CR00003,2025-11,23,0.0,15.0,0.0,15.0,137,13.0,0.0,Programming,Free,Beginner,0.0,19.53,3.85
CR00004,2025-02,12,0.0,20.0,0.0,21.5,20,10.0,0.0,Programming,Free,Beginner,0.0,45.13,2.88
CR00004,2025-03,10,0.0,12.0,0.0,16.0,32,7.0,0.0,Programming,Free,Beginner,0.0,45.13,2.88
CR00004,2025-04,7,0.0,10.0,0.0,14.0,42,11.0,0.0,Programming,Free,Beginner,0.0,45.13,2.88
CR00004,2025-05,11,0.0,7.0,0.0,9.666666666666666,49,11.0,0.0,Programming,Free,Beginner,0.0,45.13,2.88
CR00004,2025-06,11,0.0,11.0,0.0,9.333333333333334,60,21.0,0.0,Programming,Free,Beginner,0.0,45.13,2.88
CR00004,2025-07,21,0.0,11.0,0.0,9.666666666666666,71,9.0,0.0,Programming,Free,Beginner,0.0,45.13,2.88
CR00004,2025-08,9,0.0,21.0,0.0,14.333333333333334,92,15.0,0.0,Programming,Free,Beginner,0.0,45.13,2.88
CR00004,2025-09,15,0.0,9.0,0.0,13.666666666666666,101,13.0,0.0,Programming,Free,Beginner,0.0,45.13,2.88
CR00004,2025-10,13,0.0,15.0,0.0,15.0,116,15.0,0.0,Programming,Free,Beginner,0.0,45.13,2.88
CR00004,2025-11,15,0.0,13.0,0.0,12.333333333333334,129,10.0,0.0,Programming,Free,Beginner,0.0,45.13,2.88
CR00005,2025-02,15,0.0,11.0,0.0,13.0,11,20.0,0.0,Programming,Free,Beginner,0.0,28.68,1.28
CR00005,2025-03,20,0.0,15.0,0.0,13.0,26,10.0,0.0,Programming,Free,Beginner,0.0,28.68,1.28
CR00005,2025-04,10,0.0,20.0,0.0,15.333333333333334,46,18.0,0.0,Programming,Free,Beginner,0.0,28.68,1.28
CR00005,2025-05,18,0.0,10.0,0.0,15.0,56,16.0,0.0,Programming,Free,Beginner,0.0,28.68,1.28
CR00005,2025-06,16,0.0,18.0,0.0,16.0,74,14.0,0.0,Programming,Free,Beginner,0.0,28.68,1.28
CR00005,2025-07,14,0.0,16.0,0.0,14.666666666666666,90,11.0,0.0,Programming,Free,Beginner,0.0,28.68,1.28
CR00005,2025-08,11,0.0,14.0,0.0,16.0,104,14.0,0.0,Programming,Free,Beginner,0.0,28.68,1.28
CR00005,2025-09,14,0.0,11.0,0.0,13.666666666666666,115,13.0,0.0,Programming,Free,Beginner,0.0,28.68,1.28
CR00005,2025-10,13,0.0,14.0,0.0,13.0,129,11.0,0.0,Programming,Free,Beginner,0.0,28.68,1.28
CR00005,2025-11,11,0.0,13.0,0.0,12.666666666666666,142,13.0,0.0,Programming,Free,Beginner,0.0,28.68,1.28
CR00006,2025-02,14,3869.1800000000003,11.0,3040.07,11.0,11,16.0,4421.92,Design,Paid,Advanced,276.37,48.84,2.72
CR00006,2025-03,16,4421.92,14.0,3869.1800000000003,12.5,25,13.0,3592.81,Design,Paid,Advanced,276.37,48.84,2.72
CR00006,2025-04,13,3592.81,16.0,4421.92,13.666666666666666,41,17.0,4698.29,Design,Paid,Advanced,276.37,48.84,2.72
CR00006,2025-05,17,4698.29,13.0,3592.81,14.333333333333334,54,13.0,3592.81,Design,Paid,Advanced,276.37,48.84,2.72
CR00006,2025-06,13,3592.81,17.0,4698.29,15.333333333333334,71,8.0,2210.96,Design,Paid,Advanced,276.37,48.84,2.72
CR00006,2025-07,8,2210.96,13.0,3592.81,14.333333333333334,84,15.0,4145.55,Design,Paid,Advanced,276.37,48.84,2.72
CR00006,2025-08,15,4145.55,8.0,2210.96,12.666666666666666,92,10.0,2763.7,Design,Paid,Advanced,276.37,48.84,2.72
CR00006,2025-09,10,2763.7,15.0,4145.55,12.0,107,13.0,3592.81,Design,Paid,Advanced,276.37,48.84,2.72
CR00006,2025-10,13,3592.81,10.0,2763.7,11.0,117,14.0,3869.1800000000003,Design,Paid,Advanced,276.37,48.84,2.72
CR00006,2025-11,14,3869.1800000000003,13.0,3592.81,12.666666666666666,130,12.0,3316.44,Design,Paid,Advanced,276.37,48.84,2.72
CR00007,2025-02,6,0.0,10.0,0.0,12.0,10,11.0,0.0,Design,Free,Advanced,0.0,48.68,2.61
CR00007,2025-03,11,0.0,6.0,0.0,8.0,16,20.0,0.0,Design,Free,Advanced,0.0,48.68,2.61
CR00007,2025-04,20,0.0,11.0,0.0,9.0,27,11.0,0.0,Design,Free,Advanced,0.0,48.68,2.61
CR00007,2025-05,11,0.0,20.0,0.0,12.333333333333334,47,20.0,0.0,Design,Free,Advanced,0.0,48.68,2.61
CR00007,2025-06,20,0.0,11.0,0.0,14.0,58,18.0,0.0,Design,Free,Advanced,0.0,48.68,2.61
CR00007,2025-07,18,0.0,20.0,0.0,17.0,78,13.0,0.0,Design,Free,Advanced,0.0,48.68,2.61
CR00007,2025-08,13,0.0,18.0,0.0,16.333333333333332,96,20.0,0.0,Design,Free,Advanced,0.0,48.68,2.61
CR00007,2025-09,20,0.0,13.0,0.0,17.0,109,18.0,0.0,Design,Free,Advanced,0.0,48.68,2.61
CR00007,2025-10,18,0.0,20.0,0.0,17.0,129,12.0,0.0,Design,Free,Advanced,0.0,48.68,2.61
CR00007,2025-11,12,0.0,18.0,0.0,17.0,147,19.0,0.0,Design,Free,Advanced,0.0,48.68,2.61
CR00008,2025-02,14,0.0,6.0,0.0,9.0,6,12.0,0.0,Design,Free,Advanced,0.0,2.87,1.52
CR00008,2025-03,12,0.0,14.0,0.0,10.0,20,13.0,0.0,Design,Free,Advanced,0.0,2.87,1.52
CR00008,2025-04,13,0.0,12.0,0.0,10.666666666666666,32,15.0,0.0,Design,Free,Advanced,0.0,2.87,1.52
CR00008,2025-05,15,0.0,13.0,0.0,13.0,45,13.0,0.0,Design,Free,Advanced,0.0,2.87,1.52
CR00008,2025-06,13,0.0,15.0,0.0,13.333333333333334,60,17.0,0.0,Design,Free,Advanced,0.0,2.87,1.52
CR00008,2025-07,17,0.0,13.0,0.0,13.666666666666666,73,12.0,0.0,Design,Free,Advanced,0.0,2.87,1.52
CR00008,2025-08,12,0.0,17.0,0.0,15.0,90,12.0,0.0,Design,Free,Advanced,0.0,2.87,1.52
CR00008,2025-09,12,0.0,12.0,0.0,14.0,102,13.0,0.0,Design,Free,Advanced,0.0,2.87,1.52
CR00008,2025-10,13,0.0,12.0,0.0,13.666666666666666,114,17.0,0.0,Design,Free,Advanced,0.0,2.87,1.52
CR00008,2025-11,17,0.0,13.0,0.0,12.333333333333334,127,14.0,0.0,Design,Free,Advanced,0.0,2.87,1.52
CR00009,2025-02,18,0.0,10.0,0.0,13.5,10,12.0,0.0,Design,Free,Beginner,0.0,48.19,4.51
CR00009,2025-03,12,0.0,18.0,0.0,14.0,28,10.0,0.0,Design,Free,Beginner,0.0,48.19,4.51
CR00009,2025-04,10,0.0,12.0,0.0,13.333333333333334,40,11.0,0.0,Design,Free,Beginner,0.0,48.19,4.51
CR00009,2025-05,11,0.0,10.0,0.0,13.333333333333334,50,17.0,0.0,Design,Free,Beginner,0.0,48.19,4.51
CR00009,2025-06,17,0.0,11.0,0.0,11.0,61,17.0,0.0,Design,Free,Beginner,0.0,48.19,4.51
CR00009,2025-07,17,0.0,17.0,0.0,12.666666666666666,78,15.0,0.0,Design,Free,Beginner,0.0,48.19,4.51
CR00009,2025-08,15,0.0,17.0,0.0,15.0,95,11.0,0.0,Design,Free,Beginner,0.0,48.19,4.51
CR00009,2025-09,11,0.0,15.0,0.0,16.333333333333332,110,12.0,0.0,Design,Free,Beginner,0.0,48.19,4.51
CR00009,2025-10,12,0.0,11.0,0.0,14.333333333333334,121,6.0,0.0,Design,Free,Beginner,0.0,48.19,4.51
CR00009,2025-11,6,0.0,12.0,0.0,12.666666666666666,133,16.0,0.0,Design,Free,Beginner,0.0,48.19,4.51
CR00010,2025-02,9,0.0,12.0,0.0,9.0,12,13.0,0.0,Design,Free,Advanced,0.0,15.29,4.45
CR00010,2025-03,13,0.0,9.0,0.0,10.5,21,20.0,0.0,Design,Free,Advanced,0.0,15.29,4.45
CR00010,2025-04,20,0.0,13.0,0.0,11.333333333333334,34,14.0,0.0,Design,Free,Advanced,0.0,15.29,4.45
CR00010,2025-05,14,0.0,20.0,0.0,14.0,54,19.0,0.0,Design,Free,Advanced,0.0,15.29,4.45
CR00010,2025-06,19,0.0,14.0,0.0,15.666666666666666,68,17.0,0.0,Design,Free,Advanced,0.0,15.29,4.45
CR00010,2025-07,17,0.0,19.0,0.0,17.666666666666668,87,9.0,0.0,Design,Free,Advanced,0.0,15.29,4.45
CR00010,2025-08,9,0.0,17.0,0.0,16.666666666666668,104,17.0,0.0,Design,Free,Advanced,0.0,15.29,4.45
CR00010,2025-09,17,0.0,9.0,0.0,15.0,113,10.0,0.0,Design,Free,Advanced,0.0,15.29,4.45
CR00010,2025-10,10,0.0,17.0,0.0,14.333333333333334,130,23.0,0.0,Design,Free,Advanced,0.0,15.29,4.45
CR00010,2025-11,23,0.0,10.0,0.0,12.0,140,17.0,0.0,Design,Free,Advanced,0.0,15.29,4.45
CR00011,2025-02,14,4564.28,14.0,4564.28,18.5,14,9.0,2934.18,Business,Paid,Intermediate,326.02,11.31,2.69
CR00011,2025-03,9,2934.18,14.0,4564.28,14.0,28,16.0,5216.32,Business,Paid,Intermediate,326.02,11.31,2.69
CR00011,2025-04,16,5216.32,9.0,2934.18,12.333333333333334,37,11.0,3586.22,Business,Paid,Intermediate,326.02,11.31,2.69
CR00011,2025-05,11,3586.22,16.0,5216.32,13.0,53,11.0,3586.22,Business,Paid,Intermediate,326.02,11.31,2.69
CR00011,2025-06,11,3586.22,11.0,3586.22,12.0,64,18.0,5868.36,Business,Paid,Intermediate,326.02,11.31,2.69
CR00011,2025-07,18,5868.36,11.0,3586.22,12.666666666666666,75,6.0,1956.12,Business,Paid,Intermediate,326.02,11.31,2.69
CR00011,2025-08,6,1956.12,18.0,5868.36,13.333333333333334,93,12.0,3912.24,Business,Paid,Intermediate,326.02,11.31,2.69
CR00011,2025-09,12,3912.24,6.0,1956.12,11.666666666666666,99,16.0,5216.32,Business,Paid,Intermediate,326.02,11.31,2.69
CR00011,2025-10,16,5216.32,12.0,3912.24,12.0,111,12.0,3912.24,Business,Paid,Intermediate,326.02,11.31,2.69
CR00011,2025-11,12,3912.24,16.0,5216.32,11.333333333333334,127,12.0,3912.24,Business,Paid,Intermediate,326.02,11.31,2.69
CR00012,2025-02,10,4879.2,20.0,9758.4,16.0,20,21.0,10246.32,Business,Paid,Advanced,487.92,36.01,3.64
CR00012,2025-03,21,10246.32,10.0,4879.2,15.0,30,15.0,7318.8,Business,Paid,Advanced,487.92,36.01,3.64
CR00012,2025-04,15,7318.8,21.0,10246.32,17.0,51,6.0,2927.52,Business,Paid,Advanced,487.92,36.01,3.64
CR00012,2025-05,6,2927.52,15.0,7318.8,15.333333333333334,66,14.0,6830.88,Business,Paid,Advanced,487.92,36.01,3.64
CR00012,2025-06,14,6830.88,6.0,2927.52,14.0,72,18.0,8782.56,Business,Paid,Advanced,487.92,36.01,3.64
CR00012,2025-07,18,8782.56,14.0,6830.88,11.666666666666666,86,11.0,5367.12,Business,Paid,Advanced,487.92,36.01,3.64
CR00012,2025-08,11,5367.12,18.0,8782.56,12.666666666666666,104,15.0,7318.8,Business,Paid,Advanced,487.92,36.01,3.64
CR00012,2025-09,15,7318.8,11.0,5367.12,14.333333333333334,115,20.0,9758.4,Business,Paid,Advanced,487.92,36.01,3.64
CR00012,2025-10,20,9758.4,15.0,7318.8,14.666666666666666,130,11.0,5367.12,Business,Paid,Advanced,487.92,36.01,3.64
CR00012,2025-11,11,5367.12,20.0,9758.4,15.333333333333334,150,12.0,5855.04,Business,Paid,Advanced,487.92,36.01,3.64
CR00013,2025-02,12,0.0,20.0,0.0,15.5,20,23.0,0.0,Business,Free,Advanced,0.0,15.84,2.0
CR00013,2025-03,23,0.0,12.0,0.0,16.0,32,18.0,0.0,Business,Free,Advanced,0.0,15.84,2.0
CR00013,2025-04,18,0.0,23.0,0.0,18.333333333333332,55,10.0,0.0,Business,Free,Advanced,0.0,15.84,2.0
CR00013,2025-05,10,0.0,18.0,0.0,17.666666666666668,73,13.0,0.0,Business,Free,Advanced,0.0,15.84,2.0
CR00013,2025-06,13,0.0,10.0,0.0,17.0,83,14.0,0.0,Business,Free,Advanced,0.0,15.84,2.0
CR00013,2025-07,14,0.0,13.0,0.0,13.666666666666666,96,12.0,0.0,Business,Free,Advanced,0.0,15.84,2.0
CR00013,2025-08,12,0.0,14.0,0.0,12.333333333333334,110,9.0,0.0,Business,Free,Advanced,0.0,15.84,2.0
CR00013,2025-09,9,0.0,12.0,0.0,13.0,122,10.0,0.0,Business,Free,Advanced,0.0,15.84,2.0
CR00013,2025-10,10,0.0,9.0,0.0,11.666666666666666,131,14.0,0.0,Business,Free,Advanced,0.0,15.84,2.0
CR00013,2025-11,14,0.0,10.0,0.0,10.333333333333334,141,15.0,0.0,Business,Free,Advanced,0.0,15.84,2.0
CR00014,2025-02,14,0.0,15.0,0.0,14.5,15,17.0,0.0,Business,Free,Advanced,0.0,22.29,3.15
CR00014,2025-03,17,0.0,14.0,0.0,14.5,29,12.0,0.0,Business,Free,Advanced,0.0,22.29,3.15
CR00014,2025-04,12,0.0,17.0,0.0,15.333333333333334,46,14.0,0.0,Business,Free,Advanced,0.0,22.29,3.15
CR00014,2025-05,14,0.0,12.0,0.0,14.333333333333334,58,15.0,0.0,Business,Free,Advanced,0.0,22.29,3.15
CR00014,2025-06,15,0.0,14.0,0.0,14.333333333333334,72,8.0,0.0,Business,Free,Advanced,0.0,22.29,3.15
CR00014,2025-07,8,0.0,15.0,0.0,13.666666666666666,87,14.0,0.0,Business,Free,Advanced,0.0,22.29,3.15
CR00014,2025-08,14,0.0,8.0,0.0,12.333333333333334,95,18.0,0.0,Business,Free,Advanced,0.0,22.29,3.15
CR00014,2025-09,18,0.0,14.0,0.0,12.333333333333334,109,16.0,0.0,Business,Free,Advanced,0.0,22.29,3.15
CR00014,2025-10,16,0.0,18.0,0.0,13.333333333333334,127,21.0,0.0,Business,Free,Advanced,0.0,22.29,3.15
CR00014,2025-11,21,0.0,16.0,0.0,16.0,143,7.0,0.0,Business,Free,Advanced,0.0,22.29,3.15
CR00015,2025-02,11,3135.55,13.0,3705.65,17.0,13,11.0,3135.55,Business,Paid,Beginner,285.05,34.78,1.96
CR00015,2025-03,11,3135.55,11.0,3135.55,12.0,24,16.0,4560.8,Business,Paid,Beginner,285.05,34.78,1.96
CR00015,2025-04,16,4560.8,11.0,3135.55,11.666666666666666,35,14.0,3990.7000000000003,Business,Paid,Beginner,285.05,34.78,1.96
CR00015,2025-05,14,3990.7000000000003,16.0,4560.8,12.666666666666666,51,19.0,5415.95,Business,Paid,Beginner,285.05,34.78,1.96
CR00015,2025-06,19,5415.95,14.0,3990.7000000000003,13.666666666666666,65,13.0,3705.65,Business,Paid,Beginner,285.05,34.78,1.96
CR00015,2025-07,13,3705.65,19.0,5415.95,16.333333333333332,84,10.0,2850.5,Business,Paid,Beginner,285.05,34.78,1.96
CR00015,2025-08,10,2850.5,13.0,3705.65,15.333333333333334,97,18.0,5130.900000000001,Business,Paid,Beginner,285.05,34.78,1.96
CR00015,2025-09,18,5130.900000000001,10.0,2850.5,14.0,107,13.0,3705.65,Business,Paid,Beginner,285.05,34.78,1.96
CR00015,2025-10,13,3705.65,18.0,5130.900000000001,13.666666666666666,125,13.0,3705.65,Business,Paid,Beginner,285.05,34.78,1.96
CR00015,2025-11,13,3705.65,13.0,3705.65,13.666666666666666,138,17.0,4845.85,Business,Paid,Beginner,285.05,34.78,1.96
CR00016,2025-02,15,0.0,13.0,0.0,13.0,13,9.0,0.0,Marketing,Free,Intermediate,0.0,42.68,4.72
CR00016,2025-03,9,0.0,15.0,0.0,14.0,28,9.0,0.0,Marketing,Free,Intermediate,0.0,42.68,4.72
CR00016,2025-04,9,0.0,9.0,0.0,12.333333333333334,37,7.0,0.0,Marketing,Free,Intermediate,0.0,42.68,4.72
CR00016,2025-05,7,0.0,9.0,0.0,11.0,46,11.0,0.0,Marketing,Free,Intermediate,0.0,42.68,4.72
CR00016,2025-06,11,0.0,7.0,0.0,8.333333333333334,53,15.0,0.0,Marketing,Free,Intermediate,0.0,42.68,4.72
CR00016,2025-07,15,0.0,11.0,0.0,9.0,64,16.0,0.0,Marketing,Free,Intermediate,0.0,42.68,4.72
CR00016,2025-08,16,0.0,15.0,0.0,11.0,79,14.0,0.0,Marketing,Free,Intermediate,0.0,42.68,4.72
CR00016,2025-09,14,0.0,16.0,0.0,14.0,95,15.0,0.0,Marketing,Free,Intermediate,0.0,42.68,4.72
CR00016,2025-10,15,0.0,14.0,0.0,15.0,109,21.0,0.0,Marketing,Free,Intermediate,0.0,42.68,4.72
CR00016,2025-11,21,0.0,15.0,0.0,15.0,124,8.0,0.0,Marketing,Free,Intermediate,0.0,42.68,4.72
CR00017,2025-02,17,0.0,15.0,0.0,18.0,15,11.0,0.0,Marketing,Free,Advanced,0.0,29.37,4.79
CR00017,2025-03,11,0.0,17.0,0.0,16.0,32,11.0,0.0,Marketing,Free,Advanced,0.0,29.37,4.79
CR00017,2025-04,11,0.0,11.0,0.0,14.333333333333334,43,7.0,0.0,Marketing,Free,Advanced,0.0,29.37,4.79
CR00017,2025-05,7,0.0,11.0,0.0,13.0,54,16.0,0.0,Marketing,Free,Advanced,0.0,29.37,4.79
CR00017,2025-06,16,0.0,7.0,0.0,9.666666666666666,61,8.0,0.0,Marketing,Free,Advanced,0.0,29.37,4.79
CR00017,2025-07,8,0.0,16.0,0.0,11.333333333333334,77,18.0,0.0,Marketing,Free,Advanced,0.0,29.37,4.79
CR00017,2025-08,18,0.0,8.0,0.0,10.333333333333334,85,18.0,0.0,Marketing,Free,Advanced,0.0,29.37,4.79
CR00017,2025-09,18,0.0,18.0,0.0,14.0,103,10.0,0.0,Marketing,Free,Advanced,0.0,29.37,4.79
CR00017,2025-10,10,0.0,18.0,0.0,14.666666666666666,121,14.0,0.0,Marketing,Free,Advanced,0.0,29.37,4.79
CR00017,2025-11,14,0.0,10.0,0.0,15.333333333333334,131,13.0,0.0,Marketing,Free,Advanced,0.0,29.37,4.79
CR00018,2025-02,8,0.0,12.0,0.0,13.0,12,12.0,0.0,Marketing,Free,Advanced,0.0,15.44,2.01
CR00018,2025-03,12,0.0,8.0,0.0,10.0,20,17.0,0.0,Marketing,Free,Advanced,0.0,15.44,2.01
CR00018,2025-04,17,0.0,12.0,0.0,10.666666666666666,32,15.0,0.0,Marketing,Free,Advanced,0.0,15.44,2.01
CR00018,2025-05,15,0.0,17.0,0.0,12.333333333333334,49,17.0,0.0,Marketing,Free,Advanced,0.0,15.44,2.01
CR00018,2025-06,17,0.0,15.0,0.0,14.666666666666666,64,13.0,0.0,Marketing,Free,Advanced,0.0,15.44,2.01
CR00018,2025-07,13,0.0,17.0,0.0,16.333333333333332,81,16.0,0.0,Marketing,Free,Advanced,0.0,15.44,2.01
CR00018,2025-08,16,0.0,13.0,0.0,15.0,94,13.0,0.0,Marketing,Free,Advanced,0.0,15.44,2.01
CR00018,2025-09,13,0.0,16.0,0.0,15.333333333333334,110,15.0,0.0,Marketing,Free,Advanced,0.0,15.44,2.01
CR00018,2025-10,15,0.0,13.0,0.0,14.0,123,14.0,0.0,Marketing,Free,Advanced,0.0,15.44,2.01
CR00018,2025-11,14,0.0,15.0,0.0,14.666666666666666,138,11.0,0.0,Marketing,Free,Advanced,0.0,15.44,2.01
CR00019,2025-02,9,0.0,15.0,0.0,14.5,15,15.0,0.0,Marketing,Free,Advanced,0.0,18.0,2.98
CR00019,2025-03,15,0.0,9.0,0.0,12.0,24,13.0,0.0,Marketing,Free,Advanced,0.0,18.0,2.98
CR00019,2025-04,13,0.0,15.0,0.0,13.0,39,20.0,0.0,Marketing,Free,Advanced,0.0,18.0,2.98
CR00019,2025-05,20,0.0,13.0,0.0,12.333333333333334,52,20.0,0.0,Marketing,Free,Advanced,0.0,18.0,2.98
CR00019,2025-06,20,0.0,20.0,0.0,16.0,72,15.0,0.0,Marketing,Free,Advanced,0.0,18.0,2.98
CR00019,2025-07,15,0.0,20.0,0.0,17.666666666666668,92,12.0,0.0,Marketing,Free,Advanced,0.0,18.0,2.98
CR00019,2025-08,12,0.0,15.0,0.0,18.333333333333332,107,14.0,0.0,Marketing,Free,Advanced,0.0,18.0,2.98
CR00019,2025-09,14,0.0,12.0,0.0,15.666666666666666,119,13.0,0.0,Marketing,Free,Advanced,0.0,18.0,2.98
CR00019,2025-10,13,0.0,14.0,0.0,13.666666666666666,133,16.0,0.0,Marketing,Free,Advanced,0.0,18.0,2.98
CR00019,2025-11,16,0.0,13.0,0.0,13.0,146,15.0,0.0,Marketing,Free,Advanced,0.0,18.0,2.98
CR00020,2025-02,10,0.0,13.0,0.0,14.5,13,13.0,0.0,Marketing,Free,Intermediate,0.0,46.25,4.11
CR00020,2025-03,13,0.0,10.0,0.0,11.5,23,8.0,0.0,Marketing,Free,Intermediate,0.0,46.25,4.11
CR00020,2025-04,8,0.0,13.0,0.0,12.0,36,11.0,0.0,Marketing,Free,Intermediate,0.0,46.25,4.11
CR00020,2025-05,11,0.0,8.0,0.0,10.333333333333334,44,20.0,0.0,Marketing,Free,Intermediate,0.0,46.25,4.11
CR00020,2025-06,20,0.0,11.0,0.0,10.666666666666666,55,9.0,0.0,Marketing,Free,Intermediate,0.0,46.25,4.11
CR00020,2025-07,9,0.0,20.0,0.0,13.0,75,14.0,0.0,Marketing,Free,Intermediate,0.0,46.25,4.11
CR00020,2025-08,14,0.0,9.0,0.0,13.333333333333334,84,15.0,0.0,Marketing,Free,Intermediate,0.0,46.25,4.11
CR00020,2025-09,15,0.0,14.0,0.0,14.333333333333334,98,13.0,0.0,Marketing,Free,Intermediate,0.0,46.25,4.11
CR00020,2025-10,13,0.0,15.0,0.0,12.666666666666666,113,16.0,0.0,Marketing,Free,Intermediate,0.0,46.25,4.11
CR00020,2025-11,16,0.0,13.0,0.0,14.0,126,13.0,0.0,Marketing,Free,Intermediate,0.0,46.25,4.11
CR00021,2025-02,8,0.0,17.0,0.0,16.5,17,18.0,0.0,Data Science,Free,Intermediate,0.0,1.2,3.6
CR00021,2025-03,18,0.0,8.0,0.0,12.5,25,17.0,0.0,Data Science,Free,Intermediate,0.0,1.2,3.6
CR00021,2025-04,17,0.0,18.0,0.0,14.333333333333334,43,18.0,0.0,Data Science,Free,Intermediate,0.0,1.2,3.6
CR00021,2025-05,18,0.0,17.0,0.0,14.333333333333334,60,9.0,0.0,Data Science,Free,Intermediate,0.0,1.2,3.6
CR00021,2025-06,9,0.0,18.0,0.0,17.666666666666668,78,23.0,0.0,Data Science,Free,Intermediate,0.0,1.2,3.6
CR00021,2025-07,23,0.0,9.0,0.0,14.666666666666666,87,18.0,0.0,Data Science,Free,Intermediate,0.0,1.2,3.6
CR00021,2025-08,18,0.0,23.0,0.0,16.666666666666668,110,19.0,0.0,Data Science,Free,Intermediate,0.0,1.2,3.6
CR00021,2025-09,19,0.0,18.0,0.0,16.666666666666668,128,12.0,0.0,Data Science,Free,Intermediate,0.0,1.2,3.6
CR00021,2025-10,12,0.0,19.0,0.0,20.0,147,17.0,0.0,Data Science,Free,Intermediate,0.0,1.2,3.6
CR00021,2025-11,17,0.0,12.0,0.0,16.333333333333332,159,20.0,0.0,Data Science,Free,Intermediate,0.0,1.2,3.6
CR00022,2025-02,17,0.0,19.0,0.0,18.0,19,18.0,0.0,Data Science,Free,Beginner,0.0,32.64,3.65
CR00022,2025-03,18,0.0,17.0,0.0,18.0,36,11.0,0.0,Data Science,Free,Beginner,0.0,32.64,3.65
CR00022,2025-04,11,0.0,18.0,0.0,18.0,54,13.0,0.0,Data Science,Free,Beginner,0.0,32.64,3.65
CR00022,2025-05,13,0.0,11.0,0.0,15.333333333333334,65,14.0,0.0,Data Science,Free,Beginner,0.0,32.64,3.65
CR00022,2025-06,14,0.0,13.0,0.0,14.0,78,11.0,0.0,Data Science,Free,Beginner,0.0,32.64,3.65
CR00022,2025-07,11,0.0,14.0,0.0,12.666666666666666,92,15.0,0.0,Data Science,Free,Beginner,0.0,32.64,3.65
CR00022,2025-08,15,0.0,11.0,0.0,12.666666666666666,103,18.0,0.0,Data Science,Free,Beginner,0.0,32.64,3.65
CR00022,2025-09,18,0.0,15.0,0.0,13.333333333333334,118,15.0,0.0,Data Science,Free,Beginner,0.0,32.64,3.65
CR00022,2025-10,15,0.0,18.0,0.0,14.666666666666666,136,12.0,0.0,Data Science,Free,Beginner,0.0,32.64,3.65
CR00022,2025-11,12,0.0,15.0,0.0,16.0,151,14.0,0.0,Data Science,Free,Beginner,0.0,32.64,3.65
CR00023,2025-02,18,0.0,15.0,0.0,13.5,15,15.0,0.0,Data Science,Free,Intermediate,0.0,9.71,3.02
CR00023,2025-03,15,0.0,18.0,0.0,16.5,33,18.0,0.0,Data Science,Free,Intermediate,0.0,9.71,3.02
CR00023,2025-04,18,0.0,15.0,0.0,16.0,48,16.0,0.0,Data Science,Free,Intermediate,0.0,9.71,3.02
CR00023,2025-05,16,0.0,18.0,0.0,17.0,66,17.0,0.0,Data Science,Free,Intermediate,0.0,9.71,3.02
CR00023,2025-06,17,0.0,16.0,0.0,16.333333333333332,82,22.0,0.0,Data Science,Free,Intermediate,0.0,9.71,3.02
CR00023,2025-07,22,0.0,17.0,0.0,17.0,99,11.0,0.0,Data Science,Free,Intermediate,0.0,9.71,3.02
CR00023,2025-08,11,0.0,22.0,0.0,18.333333333333332,121,11.0,0.0,Data Science,Free,Intermediate,0.0,9.71,3.02
CR00023,2025-09,11,0.0,11.0,0.0,16.666666666666668,132,12.0,0.0,Data Science,Free,Intermediate,0.0,9.71,3.02
CR00023,2025-10,12,0.0,11.0,0.0,14.666666666666666,143,13.0,0.0,Data Science,Free,Intermediate,0.0,9.71,3.02
CR00023,2025-11,13,0.0,12.0,0.0,11.333333333333334,155,17.0,0.0,Data Science,Free,Intermediate,0.0,9.71,3.02
CR00024,2025-02,10,1176.8000000000002,9.0,1059.1200000000001,11.0,9,12.0,1412.16,Data Science,Paid,Advanced,117.68,48.09,2.57
CR00024,2025-03,12,1412.16,10.0,1176.8000000000002,9.5,19,11.0,1294.48,Data Science,Paid,Advanced,117.68,48.09,2.57
CR00024,2025-04,11,1294.48,12.0,1412.16,10.333333333333334,31,14.0,1647.52,Data Science,Paid,Advanced,117.68,48.09,2.57
CR00024,2025-05,14,1647.52,11.0,1294.48,11.0,42,24.0,2824.32,Data Science,Paid,Advanced,117.68,48.09,2.57
CR00024,2025-06,24,2824.32,14.0,1647.52,12.333333333333334,56,16.0,1882.88,Data Science,Paid,Advanced,117.68,48.09,2.57
CR00024,2025-07,16,1882.88,24.0,2824.32,16.333333333333332,80,8.0,941.44,Data Science,Paid,Advanced,117.68,48.09,2.57
CR00024,2025-08,8,941.44,16.0,1882.88,18.0,96,17.0,2000.5600000000002,Data Science,Paid,Advanced,117.68,48.09,2.57
CR00024,2025-09,17,2000.5600000000002,8.0,941.44,16.0,104,13.0,1529.8400000000001,Data Science,Paid,Advanced,117.68,48.09,2.57
CR00024,2025-10,13,1529.8400000000001,17.0,2000.5600000000002,13.666666666666666,121,18.0,2118.2400000000002,Data Science,Paid,Advanced,117.68,48.09,2.57
CR00024,2025-11,18,2118.2400000000002,13.0,1529.8400000000001,12.666666666666666,134,14.0,1647.52,Data Science,Paid,Advanced,117.68,48.09,2.57
CR00025,2025-02,16,4793.12,15.0,4493.55,16.5,15,19.0,5691.83,Data Science,Paid,Beginner,299.57,48.32,3.74
CR00025,2025-03,19,5691.83,16.0,4793.12,15.5,31,23.0,6890.11,Data Science,Paid,Beginner,299.57,48.32,3.74
CR00025,2025-04,23,6890.11,19.0,5691.83,16.666666666666668,50,24.0,7189.68,Data Science,Paid,Beginner,299.57,48.32,3.74
CR00025,2025-05,24,7189.68,23.0,6890.11,19.333333333333332,73,9.0,2696.13,Data Science,Paid,Beginner,299.57,48.32,3.74
CR00025,2025-06,9,2696.13,24.0,7189.68,22.0,97,10.0,2995.7,Data Science,Paid,Beginner,299.57,48.32,3.74
CR00025,2025-07,10,2995.7,9.0,2696.13,18.666666666666668,106,15.0,4493.55,Data Science,Paid,Beginner,299.57,48.32,3.74
CR00025,2025-08,15,4493.55,10.0,2995.7,14.333333333333334,116,20.0,5991.4,Data Science,Paid,Beginner,299.57,48.32,3.74
CR00025,2025-09,20,5991.4,15.0,4493.55,11.333333333333334,131,12.0,3594.84,Data Science,Paid,Beginner,299.57,48.32,3.74
CR00025,2025-10,12,3594.84,20.0,5991.4,15.0,151,13.0,3894.41,Data Science,Paid,Beginner,299.57,48.32,3.74
CR00025,2025-11,13,3894.41,12.0,3594.84,15.666666666666666,163,16.0,4793.12,Data Science,Paid,Beginner,299.57,48.32,3.74
CR00026,2025-02,16,0.0,14.0,0.0,13.5,14,11.0,0.0,Machine Learning,Free,Intermediate,0.0,47.7,4.73
CR00026,2025-03,11,0.0,16.0,0.0,15.0,30,14.0,0.0,Machine Learning,Free,Intermediate,0.0,47.7,4.73
CR00026,2025-04,14,0.0,11.0,0.0,13.666666666666666,41,16.0,0.0,Machine Learning,Free,Intermediate,0.0,47.7,4.73
CR00026,2025-05,16,0.0,14.0,0.0,13.666666666666666,55,15.0,0.0,Machine Learning,Free,Intermediate,0.0,47.7,4.73
CR00026,2025-06,15,0.0,16.0,0.0,13.666666666666666,71,15.0,0.0,Machine Learning,Free,Intermediate,0.0,47.7,4.73
CR00026,2025-07,15,0.0,15.0,0.0,15.0,86,18.0,0.0,Machine Learning,Free,Intermediate,0.0,47.7,4.73
CR00026,2025-08,18,0.0,15.0,0.0,15.333333333333334,101,20.0,0.0,Machine Learning,Free,Intermediate,0.0,47.7,4.73
CR00026,2025-09,20,0.0,18.0,0.0,16.0,119,12.0,0.0,Machine Learning,Free,Intermediate,0.0,47.7,4.73
CR00026,2025-10,12,0.0,20.0,0.0,17.666666666666668,139,11.0,0.0,Machine Learning,Free,Intermediate,0.0,47.7,4.73
CR00026,2025-11,11,0.0,12.0,0.0,16.666666666666668,151,10.0,0.0,Machine Learning,Free,Intermediate,0.0,47.7,4.73
CR00027,2025-02,12,0.0,13.0,0.0,12.0,13,8.0,0.0,Machine Learning,Free,Advanced,0.0,9.3,1.81
CR00027,2025-03,8,0.0,12.0,0.0,12.5,25,10.0,0.0,Machine Learning,Free,Advanced,0.0,9.3,1.81
CR00027,2025-04,10,0.0,8.0,0.0,11.0,33,16.0,0.0,Machine Learning,Free,Advanced,0.0,9.3,1.81
CR00027,2025-05,16,0.0,10.0,0.0,10.0,43,13.0,0.0,Machine Learning,Free,Advanced,0.0,9.3,1.81
CR00027,2025-06,13,0.0,16.0,0.0,11.333333333333334,59,14.0,0.0,Machine Learning,Free,Advanced,0.0,9.3,1.81
CR00027,2025-07,14,0.0,13.0,0.0,13.0,72,18.0,0.0,Machine Learning,Free,Advanced,0.0,9.3,1.81
CR00027,2025-08,18,0.0,14.0,0.0,14.333333333333334,86,10.0,0.0,Machine Learning,Free,Advanced,0.0,9.3,1.81
CR00027,2025-09,10,0.0,18.0,0.0,15.0,104,10.0,0.0,Machine Learning,Free,Advanced,0.0,9.3,1.81
CR00027,2025-10,10,0.0,10.0,0.0,14.0,114,18.0,0.0,Machine Learning,Free,Advanced,0.0,9.3,1.81
CR00027,2025-11,18,0.0,10.0,0.0,12.666666666666666,124,10.0,0.0,Machine Learning,Free,Advanced,0.0,9.3,1.81
CR00028,2025-02,10,7.800000000000001,17.0,13.26,17.5,17,20.0,15.600000000000001,Machine Learning,Paid,Advanced,0.78,44.96,3.89
CR00028,2025-03,20,15.600000000000001,10.0,7.800000000000001,13.5,27,16.0,12.48,Machine Learning,Paid,Advanced,0.78,44.96,3.89
CR00028,2025-04,16,12.48,20.0,15.600000000000001,15.666666666666666,47,15.0,11.700000000000001,Machine Learning,Paid,Advanced,0.78,44.96,3.89
CR00028,2025-05,15,11.700000000000001,16.0,12.48,15.333333333333334,63,16.0,12.48,Machine Learning,Paid,Advanced,0.78,44.96,3.89
CR00028,2025-06,16,12.48,15.0,11.700000000000001,17.0,78,16.0,12.48,Machine Learning,Paid,Advanced,0.78,44.96,3.89
CR00028,2025-07,16,12.48,16.0,12.48,15.666666666666666,94,15.0,11.700000000000001,Machine Learning,Paid,Advanced,0.78,44.96,3.89
CR00028,2025-08,15,11.700000000000001,16.0,12.48,15.666666666666666,110,16.0,12.48,Machine Learning,Paid,Advanced,0.78,44.96,3.89
CR00028,2025-09,16,12.48,15.0,11.700000000000001,15.666666666666666,125,10.0,7.800000000000001,Machine Learning,Paid,Advanced,0.78,44.96,3.89
CR00028,2025-10,10,7.800000000000001,16.0,12.48,15.666666666666666,141,9.0,7.0200000000000005,Machine Learning,Paid,Advanced,0.78,44.96,3.89
CR00028,2025-11,9,7.0200000000000005,10.0,7.800000000000001,13.666666666666666,151,11.0,8.58,Machine Learning,Paid,Advanced,0.78,44.96,3.89
CR00029,2025-02,9,0.0,14.0,0.0,11.5,14,11.0,0.0,Machine Learning,Free,Beginner,0.0,16.33,1.13
CR00029,2025-03,11,0.0,9.0,0.0,11.5,23,15.0,0.0,Machine Learning,Free,Beginner,0.0,16.33,1.13
CR00029,2025-04,15,0.0,11.0,0.0,11.333333333333334,34,15.0,0.0,Machine Learning,Free,Beginner,0.0,16.33,1.13
CR00029,2025-05,15,0.0,15.0,0.0,11.666666666666666,49,16.0,0.0,Machine Learning,Free,Beginner,0.0,16.33,1.13
CR00029,2025-06,16,0.0,15.0,0.0,13.666666666666666,64,9.0,0.0,Machine Learning,Free,Beginner,0.0,16.33,1.13
CR00029,2025-07,9,0.0,16.0,0.0,15.333333333333334,80,13.0,0.0,Machine Learning,Free,Beginner,0.0,16.33,1.13
CR00029,2025-08,13,0.0,9.0,0.0,13.333333333333334,89,21.0,0.0,Machine Learning,Free,Beginner,0.0,16.33,1.13
CR00029,2025-09,21,0.0,13.0,0.0,12.666666666666666,102,14.0,0.0,Machine Learning,Free,Beginner,0.0,16.33,1.13
CR00029,2025-10,14,0.0,21.0,0.0,14.333333333333334,123,8.0,0.0,Machine Learning,Free,Beginner,0.0,16.33,1.13
CR00029,2025-11,8,0.0,14.0,0.0,16.0,137,10.0,0.0,Machine Learning,Free,Beginner,0.0,16.33,1.13
CR00030,2025-02,9,0.0,12.0,0.0,10.0,12,12.0,0.0,Machine Learning,Free,Intermediate,0.0,38.49,1.73
CR00030,2025-03,12,0.0,9.0,0.0,10.5,21,13.0,0.0,Machine Learning,Free,Intermediate,0.0,38.49,1.73
CR00030,2025-04,13,0.0,12.0,0.0,11.0,33,12.0,0.0,Machine Learning,Free,Intermediate,0.0,38.49,1.73
CR00030,2025-05,12,0.0,13.0,0.0,11.333333333333334,46,15.0,0.0,Machine Learning,Free,Intermediate,0.0,38.49,1.73
CR00030,2025-06,15,0.0,12.0,0.0,12.333333333333334,58,10.0,0.0,Machine Learning,Free,Intermediate,0.0,38.49,1.73
CR00030,2025-07,10,0.0,15.0,0.0,13.333333333333334,73,16.0,0.0,Machine Learning,Free,Intermediate,0.0,38.49,1.73
CR00030,2025-08,16,0.0,10.0,0.0,12.333333333333334,83,20.0,0.0,Machine Learning,Free,Intermediate,0.0,38.49,1.73
CR00030,2025-09,20,0.0,16.0,0.0,13.666666666666666,99,12.0,0.0,Machine Learning,Free,Intermediate,0.0,38.49,1.73
CR00030,2025-10,12,0.0,20.0,0.0,15.333333333333334,119,14.0,0.0,Machine Learning,Free,Intermediate,0.0,38.49,1.73
CR00030,2025-11,14,0.0,12.0,0.0,16.0,131,24.0,0.0,Machine Learning,Free,Intermediate,0.0,38.49,1.73
CR00031,2025-02,12,0.0,10.0,0.0,12.0,10,9.0,0.0,Cybersecurity,Free,Intermediate,0.0,26.52,1.91
CR00031,2025-03,9,0.0,12.0,0.0,11.0,22,10.0,0.0,Cybersecurity,Free,Intermediate,0.0,26.52,1.91
CR00031,2025-04,10,0.0,9.0,0.0,10.333333333333334,31,13.0,0.0,Cybersecurity,Free,Intermediate,0.0,26.52,1.91
CR00031,2025-05,13,0.0,10.0,0.0,10.333333333333334,41,17.0,0.0,Cybersecurity,Free,Intermediate,0.0,26.52,1.91
CR00031,2025-06,17,0.0,13.0,0.0,10.666666666666666,54,18.0,0.0,Cybersecurity,Free,Intermediate,0.0,26.52,1.91
CR00031,2025-07,18,0.0,17.0,0.0,13.333333333333334,71,14.0,0.0,Cybersecurity,Free,Intermediate,0.0,26.52,1.91
CR00031,2025-08,14,0.0,18.0,0.0,16.0,89,15.0,0.0,Cybersecurity,Free,Intermediate,0.0,26.52,1.91
CR00031,2025-09,15,0.0,14.0,0.0,16.333333333333332,103,17.0,0.0,Cybersecurity,Free,Intermediate,0.0,26.52,1.91
CR00031,2025-10,17,0.0,15.0,0.0,15.666666666666666,118,13.0,0.0,Cybersecurity,Free,Intermediate,0.0,26.52,1.91
CR00031,2025-11,13,0.0,17.0,0.0,15.333333333333334,135,12.0,0.0,Cybersecurity,Free,Intermediate,0.0,26.52,1.91
CR00032,2025-02,10,0.0,12.0,0.0,12.5,12,13.0,0.0,Cybersecurity,Free,Advanced,0.0,16.74,2.38
CR00032,2025-03,13,0.0,10.0,0.0,11.0,22,19.0,0.0,Cybersecurity,Free,Advanced,0.0,16.74,2.38
CR00032,2025-04,19,0.0,13.0,0.0,11.666666666666666,35,11.0,0.0,Cybersecurity,Free,Advanced,0.0,16.74,2.38
CR00032,2025-05,11,0.0,19.0,0.0,14.0,54,15.0,0.0,Cybersecurity,Free,Advanced,0.0,16.74,2.38
CR00032,2025-06,15,0.0,11.0,0.0,14.333333333333334,65,15.0,0.0,Cybersecurity,Free,Advanced,0.0,16.74,2.38
CR00032,2025-07,15,0.0,15.0,0.0,15.0,80,15.0,0.0,Cybersecurity,Free,Advanced,0.0,16.74,2.38
CR00032,2025-08,15,0.0,15.0,0.0,13.666666666666666,95,10.0,0.0,Cybersecurity,Free,Advanced,0.0,16.74,2.38
CR00032,2025-09,10,0.0,15.0,0.0,15.0,110,16.0,0.0,Cybersecurity,Free,Advanced,0.0,16.74,2.38
CR00032,2025-10,16,0.0,10.0,0.0,13.333333333333334,120,12.0,0.0,Cybersecurity,Free,Advanced,0.0,16.74,2.38
CR00032,2025-11,12,0.0,16.0,0.0,13.666666666666666,136,15.0,0.0,Cybersecurity,Free,Advanced,0.0,16.74,2.38
CR00033,2025-02,17,0.0,12.0,0.0,12.0,12,12.0,0.0,Cybersecurity,Free,Intermediate,0.0,48.25,3.93
CR00033,2025-03,12,0.0,17.0,0.0,14.5,29,17.0,0.0,Cybersecurity,Free,Intermediate,0.0,48.25,3.93
CR00033,2025-04,17,0.0,12.0,0.0,13.666666666666666,41,17.0,0.0,Cybersecurity,Free,Intermediate,0.0,48.25,3.93
CR00033,2025-05,17,0.0,17.0,0.0,15.333333333333334,58,16.0,0.0,Cybersecurity,Free,Intermediate,0.0,48.25,3.93
CR00033,2025-06,16,0.0,17.0,0.0,15.333333333333334,75,14.0,0.0,Cybersecurity,Free,Intermediate,0.0,48.25,3.93
CR00033,2025-07,14,0.0,16.0,0.0,16.666666666666668,91,17.0,0.0,Cybersecurity,Free,Intermediate,0.0,48.25,3.93
CR00033,2025-08,17,0.0,14.0,0.0,15.666666666666666,105,13.0,0.0,Cybersecurity,Free,Intermediate,0.0,48.25,3.93
CR00033,2025-09,13,0.0,17.0,0.0,15.666666666666666,122,7.0,0.0,Cybersecurity,Free,Intermediate,0.0,48.25,3.93
CR00033,2025-10,7,0.0,13.0,0.0,14.666666666666666,135,14.0,0.0,Cybersecurity,Free,Intermediate,0.0,48.25,3.93
CR00033,2025-11,14,0.0,7.0,0.0,12.333333333333334,142,11.0,0.0,Cybersecurity,Free,Intermediate,0.0,48.25,3.93
CR00034,2025-02,10,3942.6,12.0,4731.12,13.0,12,9.0,3548.34,Cybersecurity,Paid,Intermediate,394.26,47.44,1.35
CR00034,2025-03,9,3548.34,10.0,3942.6,11.0,22,13.0,5125.38,Cybersecurity,Paid,Intermediate,394.26,47.44,1.35
CR00034,2025-04,13,5125.38,9.0,3548.34,10.333333333333334,31,10.0,3942.6,Cybersecurity,Paid,Intermediate,394.26,47.44,1.35
CR00034,2025-05,10,3942.6,13.0,5125.38,10.666666666666666,44,15.0,5913.9,Cybersecurity,Paid,Intermediate,394.26,47.44,1.35
CR00034,2025-06,15,5913.9,10.0,3942.6,10.666666666666666,54,9.0,3548.34,Cybersecurity,Paid,Intermediate,394.26,47.44,1.35
CR00034,2025-07,9,3548.34,15.0,5913.9,12.666666666666666,69,16.0,6308.16,Cybersecurity,Paid,Intermediate,394.26,47.44,1.35
CR00034,2025-08,16,6308.16,9.0,3548.34,11.333333333333334,78,15.0,5913.9,Cybersecurity,Paid,Intermediate,394.26,47.44,1.35
CR00034,2025-09,15,5913.9,16.0,6308.16,13.333333333333334,94,5.0,1971.3,Cybersecurity,Paid,Intermediate,394.26,47.44,1.35
CR00034,2025-10,5,1971.3,15.0,5913.9,13.333333333333334,109,21.0,8279.46,Cybersecurity,Paid,Intermediate,394.26,47.44,1.35
CR00034,2025-11,21,8279.46,5.0,1971.3,12.0,114,15.0,5913.9,Cybersecurity,Paid,Intermediate,394.26,47.44,1.35
CR00035,2025-02,12,0.0,13.0,0.0,17.0,13,19.0,0.0,Cybersecurity,Free,Beginner,0.0,42.59,4.94
CR00035,2025-03,19,0.0,12.0,0.0,12.5,25,10.0,0.0,Cybersecurity,Free,Beginner,0.0,42.59,4.94
CR00035,2025-04,10,0.0,19.0,0.0,14.666666666666666,44,16.0,0.0,Cybersecurity,Free,Beginner,0.0,42.59,4.94
CR00035,2025-05,16,0.0,10.0,0.0,13.666666666666666,54,12.0,0.0,Cybersecurity,Free,Beginner,0.0,42.59,4.94
CR00035,2025-06,12,0.0,16.0,0.0,15.0,70,16.0,0.0,Cybersecurity,Free,Beginner,0.0,42.59,4.94
CR00035,2025-07,16,0.0,12.0,0.0,12.666666666666666,82,18.0,0.0,Cybersecurity,Free,Beginner,0.0,42.59,4.94
CR00035,2025-08,18,0.0,16.0,0.0,14.666666666666666,98,20.0,0.0,Cybersecurity,Free,Beginner,0.0,42.59,4.94
CR00035,2025-09,20,0.0,18.0,0.0,15.333333333333334,116,15.0,0.0,Cybersecurity,Free,Beginner,0.0,42.59,4.94
CR00035,2025-10,15,0.0,20.0,0.0,18.0,136,14.0,0.0,Cybersecurity,Free,Beginner,0.0,42.59,4.94
CR00035,2025-11,14,0.0,15.0,0.0,17.666666666666668,151,14.0,0.0,Cybersecurity,Free,Beginner,0.0,42.59,4.94
CR00036,2025-02,16,0.0,15.0,0.0,14.5,15,16.0,0.0,Project Management,Free,Beginner,0.0,15.75,4.68
CR00036,2025-03,16,0.0,16.0,0.0,15.5,31,15.0,0.0,Project Management,Free,Beginner,0.0,15.75,4.68
CR00036,2025-04,15,0.0,16.0,0.0,15.666666666666666,47,19.0,0.0,Project Management,Free,Beginner,0.0,15.75,4.68
CR00036,2025-05,19,0.0,15.0,0.0,15.666666666666666,62,8.0,0.0,Project Management,Free,Beginner,0.0,15.75,4.68
CR00036,2025-06,8,0.0,19.0,0.0,16.666666666666668,81,13.0,0.0,Project Management,Free,Beginner,0.0,15.75,4.68
CR00036,2025-07,13,0.0,8.0,0.0,14.0,89,16.0,0.0,Project Management,Free,Beginner,0.0,15.75,4.68
CR00036,2025-08,16,0.0,13.0,0.0,13.333333333333334,102,12.0,0.0,Project Management,Free,Beginner,0.0,15.75,4.68
CR00036,2025-09,12,0.0,16.0,0.0,12.333333333333334,118,15.0,0.0,Project Management,Free,Beginner,0.0,15.75,4.68
CR00036,2025-10,15,0.0,12.0,0.0,13.666666666666666,130,16.0,0.0,Project Management,Free,Beginner,0.0,15.75,4.68
CR00036,2025-11,16,0.0,15.0,0.0,14.333333333333334,145,16.0,0.0,Project Management,Free,Beginner,0.0,15.75,4.68
CR00037,2025-02,19,0.0,15.0,0.0,15.5,15,9.0,0.0,Project Management,Free,Intermediate,0.0,33.93,3.45
CR00037,2025-03,9,0.0,19.0,0.0,17.0,34,15.0,0.0,Project Management,Free,Intermediate,0.0,33.93,3.45
CR00037,2025-04,15,0.0,9.0,0.0,14.333333333333334,43,13.0,0.0,Project Management,Free,Intermediate,0.0,33.93,3.45
CR00037,2025-05,13,0.0,15.0,0.0,14.333333333333334,58,15.0,0.0,Project Management,Free,Intermediate,0.0,33.93,3.45
CR00037,2025-06,15,0.0,13.0,0.0,12.333333333333334,71,13.0,0.0,Project Management,Free,Intermediate,0.0,33.93,3.45
CR00037,2025-07,13,0.0,15.0,0.0,14.333333333333334,86,12.0,0.0,Project Management,Free,Intermediate,0.0,33.93,3.45
CR00037,2025-08,12,0.0,13.0,0.0,13.666666666666666,99,12.0,0.0,Project Management,Free,Intermediate,0.0,33.93,3.45
CR00037,2025-09,12,0.0,12.0,0.0,13.333333333333334,111,11.0,0.0,Project Management,Free,Intermediate,0.0,33.93,3.45
CR00037,2025-10,11,0.0,12.0,0.0,12.333333333333334,123,12.0,0.0,Project Management,Free,Intermediate,0.0,33.93,3.45
CR00037,2025-11,12,0.0,11.0,0.0,11.666666666666666,134,7.0,0.0,Project Management,Free,Intermediate,0.0,33.93,3.45
CR00038,2025-02,7,2398.27,15.0,5139.150000000001,13.5,15,12.0,4111.32,Project Management,Paid,Intermediate,342.61,17.14,4.84
CR00038,2025-03,12,4111.32,7.0,2398.27,11.0,22,19.0,6509.59,Project Management,Paid,Intermediate,342.61,17.14,4.84
CR00038,2025-04,19,6509.59,12.0,4111.32,11.333333333333334,34,13.0,4453.93,Project Management,Paid,Intermediate,342.61,17.14,4.84
CR00038,2025-05,13,4453.93,19.0,6509.59,12.666666666666666,53,18.0,6166.9800000000005,Project Management,Paid,Intermediate,342.61,17.14,4.84
CR00038,2025-06,18,6166.9800000000005,13.0,4453.93,14.666666666666666,66,8.0,2740.88,Project Management,Paid,Intermediate,342.61,17.14,4.84
CR00038,2025-07,8,2740.88,18.0,6166.9800000000005,16.666666666666668,84,10.0,3426.1000000000004,Project Management,Paid,Intermediate,342.61,17.14,4.84
CR00038,2025-08,10,3426.1000000000004,8.0,2740.88,13.0,92,16.0,5481.76,Project Management,Paid,Intermediate,342.61,17.14,4.84
CR00038,2025-09,16,5481.76,10.0,3426.1000000000004,12.0,102,8.0,2740.88,Project Management,Paid,Intermediate,342.61,17.14,4.84
CR00038,2025-10,8,2740.88,16.0,5481.76,11.333333333333334,118,17.0,5824.37,Project Management,Paid,Intermediate,342.61,17.14,4.84
CR00038,2025-11,17,5824.37,8.0,2740.88,11.333333333333334,126,15.0,5139.150000000001,Project Management,Paid,Intermediate,342.61,17.14,4.84
CR00039,2025-02,11,3813.81,7.0,2426.97,12.0,7,17.0,5894.07,Project Management,Paid,Advanced,346.71,3.42,1.23
CR00039,2025-03,17,5894.07,11.0,3813.81,9.0,18,12.0,4160.5199999999995,Project Management,Paid,Advanced,346.71,3.42,1.23
CR00039,2025-04,12,4160.5199999999995,17.0,5894.07,11.666666666666666,35,14.0,4853.94,Project Management,Paid,Advanced,346.71,3.42,1.23
CR00039,2025-05,14,4853.94,12.0,4160.5199999999995,13.333333333333334,47,9.0,3120.39,Project Management,Paid,Advanced,346.71,3.42,1.23
CR00039,2025-06,9,3120.39,14.0,4853.94,14.333333333333334,61,14.0,4853.94,Project Management,Paid,Advanced,346.71,3.42,1.23
CR00039,2025-07,14,4853.94,9.0,3120.39,11.666666666666666,70,22.0,7627.62,Project Management,Paid,Advanced,346.71,3.42,1.23
CR00039,2025-08,22,7627.62,14.0,4853.94,12.333333333333334,84,18.0,6240.78,Project Management,Paid,Advanced,346.71,3.42,1.23
CR00039,2025-09,18,6240.78,22.0,7627.62,15.0,106,16.0,5547.36,Project Management,Paid,Advanced,346.71,3.42,1.23
CR00039,2025-10,16,5547.36,18.0,6240.78,18.0,124,14.0,4853.94,Project Management,Paid,Advanced,346.71,3.42,1.23
CR00039,2025-11,14,4853.94,16.0,5547.36,18.666666666666668,140,13.0,4507.23,Project Management,Paid,Advanced,346.71,3.42,1.23
CR00040,2025-02,10,3279.9,17.0,5575.83,15.5,17,20.0,6559.8,Project Management,Paid,Beginner,327.99,12.13,1.51
CR00040,2025-03,20,6559.8,10.0,3279.9,13.5,27,11.0,3607.8900000000003,Project Management,Paid,Beginner,327.99,12.13,1.51
CR00040,2025-04,11,3607.8900000000003,20.0,6559.8,15.666666666666666,47,14.0,4591.860000000001,Project Management,Paid,Beginner,327.99,12.13,1.51
CR00040,2025-05,14,4591.860000000001,11.0,3607.8900000000003,13.666666666666666,58,16.0,5247.84,Project Management,Paid,Beginner,327.99,12.13,1.51
CR00040,2025-06,16,5247.84,14.0,4591.860000000001,15.0,72,15.0,4919.85,Project Management,Paid,Beginner,327.99,12.13,1.51
CR00040,2025-07,15,4919.85,16.0,5247.84,13.666666666666666,88,14.0,4591.860000000001,Project Management,Paid,Beginner,327.99,12.13,1.51
CR00040,2025-08,14,4591.860000000001,15.0,4919.85,15.0,103,9.0,2951.91,Project Management,Paid,Beginner,327.99,12.13,1.51
CR00040,2025-09,9,2951.91,14.0,4591.860000000001,15.0,117,15.0,4919.85,Project Management,Paid,Beginner,327.99,12.13,1.51
CR00040,2025-10,15,4919.85,9.0,2951.91,12.666666666666666,126,18.0,5903.82,Project Management,Paid,Beginner,327.99,12.13,1.51
CR00040,2025-11,18,5903.82,15.0,4919.85,12.666666666666666,141,15.0,4919.85,Project Management,Paid,Beginner,327.99,12.13,1.51
CR00041,2025-02,9,484.74,14.0,754.04,16.0,14,11.0,592.46,Finance,Paid,Beginner,53.86,47.08,2.47
CR00041,2025-03,11,592.46,9.0,484.74,11.5,23,14.0,754.04,Finance,Paid,Beginner,53.86,47.08,2.47
CR00041,2025-04,14,754.04,11.0,592.46,11.333333333333334,34,17.0,915.62,Finance,Paid,Beginner,53.86,47.08,2.47
CR00041,2025-05,17,915.62,14.0,754.04,11.333333333333334,48,19.0,1023.34,Finance,Paid,Beginner,53.86,47.08,2.47
CR00041,2025-06,19,1023.34,17.0,915.62,14.0,65,14.0,754.04,Finance,Paid,Beginner,53.86,47.08,2.47
CR00041,2025-07,14,754.04,19.0,1023.34,16.666666666666668,84,14.0,754.04,Finance,Paid,Beginner,53.86,47.08,2.47
CR00041,2025-08,14,754.04,14.0,754.04,16.666666666666668,98,10.0,538.6,Finance,Paid,Beginner,53.86,47.08,2.47
CR00041,2025-09,10,538.6,14.0,754.04,15.666666666666666,112,19.0,1023.34,Finance,Paid,Beginner,53.86,47.08,2.47
CR00041,2025-10,19,1023.34,10.0,538.6,12.666666666666666,122,15.0,807.9,Finance,Paid,Beginner,53.86,47.08,2.47
CR00041,2025-11,15,807.9,19.0,1023.34,14.333333333333334,141,10.0,538.6,Finance,Paid,Beginner,53.86,47.08,2.47
CR00042,2025-02,18,0.0,15.0,0.0,15.0,15,11.0,0.0,Finance,Free,Intermediate,0.0,34.83,4.1
CR00042,2025-03,11,0.0,18.0,0.0,16.5,33,17.0,0.0,Finance,Free,Intermediate,0.0,34.83,4.1
CR00042,2025-04,17,0.0,11.0,0.0,14.666666666666666,44,18.0,0.0,Finance,Free,Intermediate,0.0,34.83,4.1
CR00042,2025-05,18,0.0,17.0,0.0,15.333333333333334,61,9.0,0.0,Finance,Free,Intermediate,0.0,34.83,4.1
CR00042,2025-06,9,0.0,18.0,0.0,15.333333333333334,79,20.0,0.0,Finance,Free,Intermediate,0.0,34.83,4.1
CR00042,2025-07,20,0.0,9.0,0.0,14.666666666666666,88,20.0,0.0,Finance,Free,Intermediate,0.0,34.83,4.1
CR00042,2025-08,20,0.0,20.0,0.0,15.666666666666666,108,18.0,0.0,Finance,Free,Intermediate,0.0,34.83,4.1
CR00042,2025-09,18,0.0,20.0,0.0,16.333333333333332,128,10.0,0.0,Finance,Free,Intermediate,0.0,34.83,4.1
CR00042,2025-10,10,0.0,18.0,0.0,19.333333333333332,146,11.0,0.0,Finance,Free,Intermediate,0.0,34.83,4.1
CR00042,2025-11,11,0.0,10.0,0.0,16.0,156,16.0,0.0,Finance,Free,Intermediate,0.0,34.83,4.1
CR00043,2025-02,12,0.0,22.0,0.0,16.5,22,11.0,0.0,Finance,Free,Beginner,0.0,31.77,4.14
CR00043,2025-03,11,0.0,12.0,0.0,17.0,34,13.0,0.0,Finance,Free,Beginner,0.0,31.77,4.14
CR00043,2025-04,13,0.0,11.0,0.0,15.0,45,17.0,0.0,Finance,Free,Beginner,0.0,31.77,4.14
CR00043,2025-05,17,0.0,13.0,0.0,12.0,58,13.0,0.0,Finance,Free,Beginner,0.0,31.77,4.14
CR00043,2025-06,13,0.0,17.0,0.0,13.666666666666666,75,13.0,0.0,Finance,Free,Beginner,0.0,31.77,4.14
CR00043,2025-07,13,0.0,13.0,0.0,14.333333333333334,88,12.0,0.0,Finance,Free,Beginner,0.0,31.77,4.14
CR00043,2025-08,12,0.0,13.0,0.0,14.333333333333334,101,16.0,0.0,Finance,Free,Beginner,0.0,31.77,4.14
CR00043,2025-09,16,0.0,12.0,0.0,12.666666666666666,113,19.0,0.0,Finance,Free,Beginner,0.0,31.77,4.14
CR00043,2025-10,19,0.0,16.0,0.0,13.666666666666666,129,14.0,0.0,Finance,Free,Beginner,0.0,31.77,4.14
CR00043,2025-11,14,0.0,19.0,0.0,15.666666666666666,148,20.0,0.0,Finance,Free,Beginner,0.0,31.77,4.14
CR00044,2025-02,13,1547.52,10.0,1190.4,12.0,10,14.0,1666.5600000000002,Finance,Paid,Intermediate,119.04,23.41,2.75
CR00044,2025-03,14,1666.5600000000002,13.0,1547.52,11.5,23,8.0,952.32,Finance,Paid,Intermediate,119.04,23.41,2.75
CR00044,2025-04,8,952.32,14.0,1666.5600000000002,12.333333333333334,37,9.0,1071.3600000000001,Finance,Paid,Intermediate,119.04,23.41,2.75
CR00044,2025-05,9,1071.3600000000001,8.0,952.32,11.666666666666666,45,22.0,2618.88,Finance,Paid,Intermediate,119.04,23.41,2.75
CR00044,2025-06,22,2618.88,9.0,1071.3600000000001,10.333333333333334,54,17.0,2023.68,Finance,Paid,Intermediate,119.04,23.41,2.75
CR00044,2025-07,17,2023.68,22.0,2618.88,13.0,76,18.0,2142.7200000000003,Finance,Paid,Intermediate,119.04,23.41,2.75
CR00044,2025-08,18,2142.7200000000003,17.0,2023.68,16.0,93,15.0,1785.6000000000001,Finance,Paid,Intermediate,119.04,23.41,2.75
CR00044,2025-09,15,1785.6000000000001,18.0,2142.7200000000003,19.0,111,9.0,1071.3600000000001,Finance,Paid,Intermediate,119.04,23.41,2.75
CR00044,2025-10,9,1071.3600000000001,15.0,1785.6000000000001,16.666666666666668,126,13.0,1547.52,Finance,Paid,Intermediate,119.04,23.41,2.75
CR00044,2025-11,13,1547.52,9.0,1071.3600000000001,14.0,135,13.0,1547.52,Finance,Paid,Intermediate,119.04,23.41,2.75
CR00045,2025-02,13,0.0,14.0,0.0,13.5,14,16.0,0.0,Finance,Free,Advanced,0.0,6.36,1.59
CR00045,2025-03,16,0.0,13.0,0.0,13.5,27,18.0,0.0,Finance,Free,Advanced,0.0,6.36,1.59
CR00045,2025-04,18,0.0,16.0,0.0,14.333333333333334,43,9.0,0.0,Finance,Free,Advanced,0.0,6.36,1.59
CR00045,2025-05,9,0.0,18.0,0.0,15.666666666666666,61,16.0,0.0,Finance,Free,Advanced,0.0,6.36,1.59
CR00045,2025-06,16,0.0,9.0,0.0,14.333333333333334,70,18.0,0.0,Finance,Free,Advanced,0.0,6.36,1.59
CR00045,2025-07,18,0.0,16.0,0.0,14.333333333333334,86,12.0,0.0,Finance,Free,Advanced,0.0,6.36,1.59
CR00045,2025-08,12,0.0,18.0,0.0,14.333333333333334,104,15.0,0.0,Finance,Free,Advanced,0.0,6.36,1.59
CR00045,2025-09,15,0.0,12.0,0.0,15.333333333333334,116,15.0,0.0,Finance,Free,Advanced,0.0,6.36,1.59
CR00045,2025-10,15,0.0,15.0,0.0,15.0,131,14.0,0.0,Finance,Free,Advanced,0.0,6.36,1.59
CR00045,2025-11,14,0.0,15.0,0.0,14.0,146,12.0,0.0,Finance,Free,Advanced,0.0,6.36,1.59
CR00046,2025-02,17,4217.7,12.0,2977.2,13.0,12,13.0,3225.2999999999997,Artificial Intelligence,Paid,Beginner,248.1,9.4,1.2
CR00046,2025-03,13,3225.2999999999997,17.0,4217.7,14.5,29,14.0,3473.4,Artificial Intelligence,Paid,Beginner,248.1,9.4,1.2
CR00046,2025-04,14,3473.4,13.0,3225.2999999999997,14.0,42,14.0,3473.4,Artificial Intelligence,Paid,Beginner,248.1,9.4,1.2
CR00046,2025-05,14,3473.4,14.0,3473.4,14.666666666666666,56,11.0,2729.1,Artificial Intelligence,Paid,Beginner,248.1,9.4,1.2
CR00046,2025-06,11,2729.1,14.0,3473.4,13.666666666666666,70,8.0,1984.8,Artificial Intelligence,Paid,Beginner,248.1,9.4,1.2
CR00046,2025-07,8,1984.8,11.0,2729.1,13.0,81,12.0,2977.2,Artificial Intelligence,Paid,Beginner,248.1,9.4,1.2
CR00046,2025-08,12,2977.2,8.0,1984.8,11.0,89,9.0,2232.9,Artificial Intelligence,Paid,Beginner,248.1,9.4,1.2
CR00046,2025-09,9,2232.9,12.0,2977.2,10.333333333333334,101,10.0,2481.0,Artificial Intelligence,Paid,Beginner,248.1,9.4,1.2
CR00046,2025-10,10,2481.0,9.0,2232.9,9.666666666666666,110,14.0,3473.4,Artificial Intelligence,Paid,Beginner,248.1,9.4,1.2
CR00046,2025-11,14,3473.4,10.0,2481.0,10.333333333333334,120,6.0,1488.6,Artificial Intelligence,Paid,Beginner,248.1,9.4,1.2
CR00047,2025-02,15,1343.8500000000001,18.0,1612.6200000000001,16.0,18,17.0,1523.03,Artificial Intelligence,Paid,Intermediate,89.59,1.55,2.68
CR00047,2025-03,17,1523.03,15.0,1343.8500000000001,16.5,33,9.0,806.3100000000001,Artificial Intelligence,Paid,Intermediate,89.59,1.55,2.68
CR00047,2025-04,9,806.3100000000001,17.0,1523.03,16.666666666666668,50,13.0,1164.67,Artificial Intelligence,Paid,Intermediate,89.59,1.55,2.68
CR00047,2025-05,13,1164.67,9.0,806.3100000000001,13.666666666666666,59,14.0,1254.26,Artificial Intelligence,Paid,Intermediate,89.59,1.55,2.68
CR00047,2025-06,14,1254.26,13.0,1164.67,13.0,72,16.0,1433.44,Artificial Intelligence,Paid,Intermediate,89.59,1.55,2.68
CR00047,2025-07,16,1433.44,14.0,1254.26,12.0,86,10.0,895.9000000000001,Artificial Intelligence,Paid,Intermediate,89.59,1.55,2.68
CR00047,2025-08,10,895.9000000000001,16.0,1433.44,14.333333333333334,102,10.0,895.9000000000001,Artificial Intelligence,Paid,Intermediate,89.59,1.55,2.68
CR00047,2025-09,10,895.9000000000001,10.0,895.9000000000001,13.333333333333334,112,13.0,1164.67,Artificial Intelligence,Paid,Intermediate,89.59,1.55,2.68
CR00047,2025-10,13,1164.67,10.0,895.9000000000001,12.0,122,18.0,1612.6200000000001,Artificial Intelligence,Paid,Intermediate,89.59,1.55,2.68
CR00047,2025-11,18,1612.6200000000001,13.0,1164.67,11.0,135,13.0,1164.67,Artificial Intelligence,Paid,Intermediate,89.59,1.55,2.68
CR00048,2025-02,19,0.0,13.0,0.0,15.5,13,19.0,0.0,Artificial Intelligence,Free,Beginner,0.0,42.7,3.64
CR00048,2025-03,19,0.0,19.0,0.0,16.0,32,13.0,0.0,Artificial Intelligence,Free,Beginner,0.0,42.7,3.64
CR00048,2025-04,13,0.0,19.0,0.0,17.0,51,16.0,0.0,Artificial Intelligence,Free,Beginner,0.0,42.7,3.64
CR00048,2025-05,16,0.0,13.0,0.0,17.0,64,15.0,0.0,Artificial Intelligence,Free,Beginner,0.0,42.7,3.64
CR00048,2025-06,15,0.0,16.0,0.0,16.0,80,14.0,0.0,Artificial Intelligence,Free,Beginner,0.0,42.7,3.64
CR00048,2025-07,14,0.0,15.0,0.0,14.666666666666666,95,22.0,0.0,Artificial Intelligence,Free,Beginner,0.0,42.7,3.64
CR00048,2025-08,22,0.0,14.0,0.0,15.0,109,12.0,0.0,Artificial Intelligence,Free,Beginner,0.0,42.7,3.64
CR00048,2025-09,12,0.0,22.0,0.0,17.0,131,8.0,0.0,Artificial Intelligence,Free,Beginner,0.0,42.7,3.64
CR00048,2025-10,8,0.0,12.0,0.0,16.0,143,13.0,0.0,Artificial Intelligence,Free,Beginner,0.0,42.7,3.64
CR00048,2025-11,13,0.0,8.0,0.0,14.0,151,22.0,0.0,Artificial Intelligence,Free,Beginner,0.0,42.7,3.64
CR00049,2025-02,11,4570.61,22.0,9141.22,17.5,22,12.0,4986.12,Artificial Intelligence,Paid,Intermediate,415.51,28.33,3.11
CR00049,2025-03,12,4986.12,11.0,4570.61,16.5,33,10.0,4155.1,Artificial Intelligence,Paid,Intermediate,415.51,28.33,3.11
CR00049,2025-04,10,4155.1,12.0,4986.12,15.0,45,10.0,4155.1,Artificial Intelligence,Paid,Intermediate,415.51,28.33,3.11
CR00049,2025-05,10,4155.1,10.0,4155.1,11.0,55,13.0,5401.63,Artificial Intelligence,Paid,Intermediate,415.51,28.33,3.11
CR00049,2025-06,13,5401.63,10.0,4155.1,10.666666666666666,65,15.0,6232.65,Artificial Intelligence,Paid,Intermediate,415.51,28.33,3.11
CR00049,2025-07,15,6232.65,13.0,5401.63,11.0,78,11.0,4570.61,Artificial Intelligence,Paid,Intermediate,415.51,28.33,3.11
CR00049,2025-08,11,4570.61,15.0,6232.65,12.666666666666666,93,11.0,4570.61,Artificial Intelligence,Paid,Intermediate,415.51,28.33,3.11
CR00049,2025-09,11,4570.61,11.0,4570.61,13.0,104,15.0,6232.65,Artificial Intelligence,Paid,Intermediate,415.51,28.33,3.11
CR00049,2025-10,15,6232.65,11.0,4570.61,12.333333333333334,115,17.0,7063.67,Artificial Intelligence,Paid,Intermediate,415.51,28.33,3.11
CR00049,2025-11,17,7063.67,15.0,6232.65,12.333333333333334,130,16.0,6648.16,Artificial Intelligence,Paid,Intermediate,415.51,28.33,3.11
CR00050,2025-02,19,9327.1,15.0,7363.5,16.0,15,23.0,11290.699999999999,Artificial Intelligence,Paid,Beginner,490.9,7.55,4.55
CR00050,2025-03,23,11290.699999999999,19.0,9327.1,17.0,34,15.0,7363.5,Artificial Intelligence,Paid,Beginner,490.9,7.55,4.55
CR00050,2025-04,15,7363.5,23.0,11290.699999999999,19.0,57,10.0,4909.0,Artificial Intelligence,Paid,Beginner,490.9,7.55,4.55
CR00050,2025-05,10,4909.0,15.0,7363.5,19.0,72,16.0,7854.4,Artificial Intelligence,Paid,Beginner,490.9,7.55,4.55
CR00050,2025-06,16,7854.4,10.0,4909.0,16.0,82,13.0,6381.7,Artificial Intelligence,Paid,Beginner,490.9,7.55,4.55
CR00050,2025-07,13,6381.7,16.0,7854.4,13.666666666666666,98,8.0,3927.2,Artificial Intelligence,Paid,Beginner,490.9,7.55,4.55
CR00050,2025-08,8,3927.2,13.0,6381.7,13.0,111,12.0,5890.799999999999,Artificial Intelligence,Paid,Beginner,490.9,7.55,4.55
CR00050,2025-09,12,5890.799999999999,8.0,3927.2,12.333333333333334,119,13.0,6381.7,Artificial Intelligence,Paid,Beginner,490.9,7.55,4.55
CR00050,2025-10,13,6381.7,12.0,5890.799999999999,11.0,131,17.0,8345.3,Artificial Intelligence,Paid,Beginner,490.9,7.55,4.55
CR00050,2025-11,17,8345.3,13.0,6381.7,11.0,144,13.0,6381.7,Artificial Intelligence,Paid,Beginner,490.9,7.55,4.55
CR00051,2025-02,15,568.35,10.0,378.9,13.5,10,24.0,909.36,Web Development,Paid,Advanced,37.89,24.11,1.3
CR00051,2025-03,24,909.36,15.0,568.35,12.5,25,11.0,416.79,Web Development,Paid,Advanced,37.89,24.11,1.3
CR00051,2025-04,11,416.79,24.0,909.36,16.333333333333332,49,15.0,568.35,Web Development,Paid,Advanced,37.89,24.11,1.3
CR00051,2025-05,15,568.35,11.0,416.79,16.666666666666668,60,13.0,492.57,Web Development,Paid,Advanced,37.89,24.11,1.3
CR00051,2025-06,13,492.57,15.0,568.35,16.666666666666668,75,14.0,530.46,Web Development,Paid,Advanced,37.89,24.11,1.3
CR00051,2025-07,14,530.46,13.0,492.57,13.0,88,14.0,530.46,Web Development,Paid,Advanced,37.89,24.11,1.3
CR00051,2025-08,14,530.46,14.0,530.46,14.0,102,13.0,492.57,Web Development,Paid,Advanced,37.89,24.11,1.3
CR00051,2025-09,13,492.57,14.0,530.46,13.666666666666666,116,11.0,416.79,Web Development,Paid,Advanced,37.89,24.11,1.3
CR00051,2025-10,11,416.79,13.0,492.57,13.666666666666666,129,15.0,568.35,Web Development,Paid,Advanced,37.89,24.11,1.3
CR00051,2025-11,15,568.35,11.0,416.79,12.666666666666666,140,16.0,606.24,Web Development,Paid,Advanced,37.89,24.11,1.3
CR00052,2025-02,14,0.0,17.0,0.0,16.0,17,13.0,0.0,Web Development,Free,Beginner,0.0,40.76,2.2
CR00052,2025-03,13,0.0,14.0,0.0,15.5,31,16.0,0.0,Web Development,Free,Beginner,0.0,40.76,2.2
CR00052,2025-04,16,0.0,13.0,0.0,14.666666666666666,44,15.0,0.0,Web Development,Free,Beginner,0.0,40.76,2.2
CR00052,2025-05,15,0.0,16.0,0.0,14.333333333333334,60,13.0,0.0,Web Development,Free,Beginner,0.0,40.76,2.2
CR00052,2025-06,13,0.0,15.0,0.0,14.666666666666666,75,11.0,0.0,Web Development,Free,Beginner,0.0,40.76,2.2
CR00052,2025-07,11,0.0,13.0,0.0,14.666666666666666,88,14.0,0.0,Web Development,Free,Beginner,0.0,40.76,2.2
CR00052,2025-08,14,0.0,11.0,0.0,13.0,99,12.0,0.0,Web Development,Free,Beginner,0.0,40.76,2.2
CR00052,2025-09,12,0.0,14.0,0.0,12.666666666666666,113,8.0,0.0,Web Development,Free,Beginner,0.0,40.76,2.2
CR00052,2025-10,8,0.0,12.0,0.0,12.333333333333334,125,11.0,0.0,Web Development,Free,Beginner,0.0,40.76,2.2
CR00052,2025-11,11,0.0,8.0,0.0,11.333333333333334,133,10.0,0.0,Web Development,Free,Beginner,0.0,40.76,2.2
CR00053,2025-02,13,0.0,14.0,0.0,12.5,14,19.0,0.0,Web Development,Free,Advanced,0.0,40.07,2.67
CR00053,2025-03,19,0.0,13.0,0.0,13.5,27,10.0,0.0,Web Development,Free,Advanced,0.0,40.07,2.67
CR00053,2025-04,10,0.0,19.0,0.0,15.333333333333334,46,13.0,0.0,Web Development,Free,Advanced,0.0,40.07,2.67
CR00053,2025-05,13,0.0,10.0,0.0,14.0,56,12.0,0.0,Web Development,Free,Advanced,0.0,40.07,2.67
CR00053,2025-06,12,0.0,13.0,0.0,14.0,69,12.0,0.0,Web Development,Free,Advanced,0.0,40.07,2.67
CR00053,2025-07,12,0.0,12.0,0.0,11.666666666666666,81,16.0,0.0,Web Development,Free,Advanced,0.0,40.07,2.67
CR00053,2025-08,16,0.0,12.0,0.0,12.333333333333334,93,14.0,0.0,Web Development,Free,Advanced,0.0,40.07,2.67
CR00053,2025-09,14,0.0,16.0,0.0,13.333333333333334,109,14.0,0.0,Web Development,Free,Advanced,0.0,40.07,2.67
CR00053,2025-10,14,0.0,14.0,0.0,14.0,123,12.0,0.0,Web Development,Free,Advanced,0.0,40.07,2.67
CR00053,2025-11,12,0.0,14.0,0.0,14.666666666666666,137,14.0,0.0,Web Development,Free,Advanced,0.0,40.07,2.67
CR00054,2025-02,11,0.0,14.0,0.0,13.0,14,13.0,0.0,Web Development,Free,Beginner,0.0,48.57,3.32
CR00054,2025-03,13,0.0,11.0,0.0,12.5,25,16.0,0.0,Web Development,Free,Beginner,0.0,48.57,3.32
CR00054,2025-04,16,0.0,13.0,0.0,12.666666666666666,38,14.0,0.0,Web Development,Free,Beginner,0.0,48.57,3.32
CR00054,2025-05,14,0.0,16.0,0.0,13.333333333333334,54,14.0,0.0,Web Development,Free,Beginner,0.0,48.57,3.32
CR00054,2025-06,14,0.0,14.0,0.0,14.333333333333334,68,12.0,0.0,Web Development,Free,Beginner,0.0,48.57,3.32
CR00054,2025-07,12,0.0,14.0,0.0,14.666666666666666,82,18.0,0.0,Web Development,Free,Beginner,0.0,48.57,3.32
CR00054,2025-08,18,0.0,12.0,0.0,13.333333333333334,94,17.0,0.0,Web Development,Free,Beginner,0.0,48.57,3.32
CR00054,2025-09,17,0.0,18.0,0.0,14.666666666666666,112,16.0,0.0,Web Development,Free,Beginner,0.0,48.57,3.32
CR00054,2025-10,16,0.0,17.0,0.0,15.666666666666666,129,16.0,0.0,Web Development,Free,Beginner,0.0,48.57,3.32
CR00054,2025-11,16,0.0,16.0,0.0,17.0,145,17.0,0.0,Web Development,Free,Beginner,0.0,48.57,3.32
CR00055,2025-02,10,573.2,14.0,802.48,15.0,14,15.0,859.8,Web Development,Paid,Advanced,57.32,43.95,4.74
CR00055,2025-03,15,859.8,10.0,573.2,12.0,24,14.0,802.48,Web Development,Paid,Advanced,57.32,43.95,4.74
CR00055,2025-04,14,802.48,15.0,859.8,13.0,39,15.0,859.8,Web Development,Paid,Advanced,57.32,43.95,4.74
CR00055,2025-05,15,859.8,14.0,802.48,13.0,53,22.0,1261.04,Web Development,Paid,Advanced,57.32,43.95,4.74
CR00055,2025-06,22,1261.04,15.0,859.8,14.666666666666666,68,10.0,573.2,Web Development,Paid,Advanced,57.32,43.95,4.74
CR00055,2025-07,10,573.2,22.0,1261.04,17.0,90,14.0,802.48,Web Development,Paid,Advanced,57.32,43.95,4.74
CR00055,2025-08,14,802.48,10.0,573.2,15.666666666666666,100,18.0,1031.76,Web Development,Paid,Advanced,57.32,43.95,4.74
CR00055,2025-09,18,1031.76,14.0,802.48,15.333333333333334,114,13.0,745.16,Web Development,Paid,Advanced,57.32,43.95,4.74
CR00055,2025-10,13,745.16,18.0,1031.76,14.0,132,13.0,745.16,Web Development,Paid,Advanced,57.32,43.95,4.74
CR00055,2025-11,13,745.16,13.0,745.16,15.0,145,20.0,1146.4,Web Development,Paid,Advanced,57.32,43.95,4.74
CR00056,2025-02,8,1699.12,14.0,2973.46,13.5,14,16.0,3398.24,Digital Marketing,Paid,Advanced,212.39,22.89,3.15
CR00056,2025-03,16,3398.24,8.0,1699.12,11.0,22,12.0,2548.68,Digital Marketing,Paid,Advanced,212.39,22.89,3.15
CR00056,2025-04,12,2548.68,16.0,3398.24,12.666666666666666,38,13.0,2761.0699999999997,Digital Marketing,Paid,Advanced,212.39,22.89,3.15
CR00056,2025-05,13,2761.0699999999997,12.0,2548.68,12.0,50,19.0,4035.41,Digital Marketing,Paid,Advanced,212.39,22.89,3.15
CR00056,2025-06,19,4035.41,13.0,2761.0699999999997,13.666666666666666,63,14.0,2973.46,Digital Marketing,Paid,Advanced,212.39,22.89,3.15
CR00056,2025-07,14,2973.46,19.0,4035.41,14.666666666666666,82,7.0,1486.73,Digital Marketing,Paid,Advanced,212.39,22.89,3.15
CR00056,2025-08,7,1486.73,14.0,2973.46,15.333333333333334,96,12.0,2548.68,Digital Marketing,Paid,Advanced,212.39,22.89,3.15
CR00056,2025-09,12,2548.68,7.0,1486.73,13.333333333333334,103,11.0,2336.29,Digital Marketing,Paid,Advanced,212.39,22.89,3.15
CR00056,2025-10,11,2336.29,12.0,2548.68,11.0,115,15.0,3185.85,Digital Marketing,Paid,Advanced,212.39,22.89,3.15
CR00056,2025-11,15,3185.85,11.0,2336.29,10.0,126,7.0,1486.73,Digital Marketing,Paid,Advanced,212.39,22.89,3.15
CR00057,2025-02,9,1596.06,16.0,2837.44,15.5,16,8.0,1418.72,Digital Marketing,Paid,Advanced,177.34,49.73,3.89
CR00057,2025-03,8,1418.72,9.0,1596.06,12.5,25,14.0,2482.76,Digital Marketing,Paid,Advanced,177.34,49.73,3.89
CR00057,2025-04,14,2482.76,8.0,1418.72,11.0,33,14.0,2482.76,Digital Marketing,Paid,Advanced,177.34,49.73,3.89
CR00057,2025-05,14,2482.76,14.0,2482.76,10.333333333333334,47,18.0,3192.12,Digital Marketing,Paid,Advanced,177.34,49.73,3.89
CR00057,2025-06,18,3192.12,14.0,2482.76,12.0,61,13.0,2305.42,Digital Marketing,Paid,Advanced,177.34,49.73,3.89
CR00057,2025-07,13,2305.42,18.0,3192.12,15.333333333333334,79,12.0,2128.08,Digital Marketing,Paid,Advanced,177.34,49.73,3.89
CR00057,2025-08,12,2128.08,13.0,2305.42,15.0,92,14.0,2482.76,Digital Marketing,Paid,Advanced,177.34,49.73,3.89
CR00057,2025-09,14,2482.76,12.0,2128.08,14.333333333333334,104,4.0,709.36,Digital Marketing,Paid,Advanced,177.34,49.73,3.89
CR00057,2025-10,4,709.36,14.0,2482.76,13.0,118,12.0,2128.08,Digital Marketing,Paid,Advanced,177.34,49.73,3.89
CR00057,2025-11,12,2128.08,4.0,709.36,10.0,122,6.0,1064.04,Digital Marketing,Paid,Advanced,177.34,49.73,3.89
CR00058,2025-02,15,0.0,15.0,0.0,13.5,15,16.0,0.0,Digital Marketing,Free,Beginner,0.0,1.46,4.44
CR00058,2025-03,16,0.0,15.0,0.0,15.0,30,19.0,0.0,Digital Marketing,Free,Beginner,0.0,1.46,4.44
CR00058,2025-04,19,0.0,16.0,0.0,15.333333333333334,46,12.0,0.0,Digital Marketing,Free,Beginner,0.0,1.46,4.44
CR00058,2025-05,12,0.0,19.0,0.0,16.666666666666668,65,17.0,0.0,Digital Marketing,Free,Beginner,0.0,1.46,4.44
CR00058,2025-06,17,0.0,12.0,0.0,15.666666666666666,77,10.0,0.0,Digital Marketing,Free,Beginner,0.0,1.46,4.44
CR00058,2025-07,10,0.0,17.0,0.0,16.0,94,19.0,0.0,Digital Marketing,Free,Beginner,0.0,1.46,4.44
CR00058,2025-08,19,0.0,10.0,0.0,13.0,104,17.0,0.0,Digital Marketing,Free,Beginner,0.0,1.46,4.44
CR00058,2025-09,17,0.0,19.0,0.0,15.333333333333334,123,18.0,0.0,Digital Marketing,Free,Beginner,0.0,1.46,4.44
CR00058,2025-10,18,0.0,17.0,0.0,15.333333333333334,140,23.0,0.0,Digital Marketing,Free,Beginner,0.0,1.46,4.44
CR00058,2025-11,23,0.0,18.0,0.0,18.0,158,13.0,0.0,Digital Marketing,Free,Beginner,0.0,1.46,4.44
CR00059,2025-02,17,0.0,14.0,0.0,18.5,14,25.0,0.0,Digital Marketing,Free,Intermediate,0.0,5.95,4.66
CR00059,2025-03,25,0.0,17.0,0.0,15.5,31,12.0,0.0,Digital Marketing,Free,Intermediate,0.0,5.95,4.66
CR00059,2025-04,12,0.0,25.0,0.0,18.666666666666668,56,12.0,0.0,Digital Marketing,Free,Intermediate,0.0,5.95,4.66
CR00059,2025-05,12,0.0,12.0,0.0,18.0,68,11.0,0.0,Digital Marketing,Free,Intermediate,0.0,5.95,4.66
CR00059,2025-06,11,0.0,12.0,0.0,16.333333333333332,80,9.0,0.0,Digital Marketing,Free,Intermediate,0.0,5.95,4.66
CR00059,2025-07,9,0.0,11.0,0.0,11.666666666666666,91,19.0,0.0,Digital Marketing,Free,Intermediate,0.0,5.95,4.66
CR00059,2025-08,19,0.0,9.0,0.0,10.666666666666666,100,13.0,0.0,Digital Marketing,Free,Intermediate,0.0,5.95,4.66
CR00059,2025-09,13,0.0,19.0,0.0,13.0,119,4.0,0.0,Digital Marketing,Free,Intermediate,0.0,5.95,4.66
CR00059,2025-10,4,0.0,13.0,0.0,13.666666666666666,132,13.0,0.0,Digital Marketing,Free,Intermediate,0.0,5.95,4.66
CR00059,2025-11,13,0.0,4.0,0.0,12.0,136,12.0,0.0,Digital Marketing,Free,Intermediate,0.0,5.95,4.66
CR00060,2025-02,20,0.0,6.0,0.0,9.5,6,13.0,0.0,Digital Marketing,Free,Beginner,0.0,8.95,2.14
CR00060,2025-03,13,0.0,20.0,0.0,13.0,26,11.0,0.0,Digital Marketing,Free,Beginner,0.0,8.95,2.14
CR00060,2025-04,11,0.0,13.0,0.0,13.0,39,11.0,0.0,Digital Marketing,Free,Beginner,0.0,8.95,2.14
CR00060,2025-05,11,0.0,11.0,0.0,14.666666666666666,50,19.0,0.0,Digital Marketing,Free,Beginner,0.0,8.95,2.14
CR00060,2025-06,19,0.0,11.0,0.0,11.666666666666666,61,11.0,0.0,Digital Marketing,Free,Beginner,0.0,8.95,2.14
CR00060,2025-07,11,0.0,19.0,0.0,13.666666666666666,80,13.0,0.0,Digital Marketing,Free,Beginner,0.0,8.95,2.14
CR00060,2025-08,13,0.0,11.0,0.0,13.666666666666666,91,13.0,0.0,Digital Marketing,Free,Beginner,0.0,8.95,2.14
CR00060,2025-09,13,0.0,13.0,0.0,14.333333333333334,104,15.0,0.0,Digital Marketing,Free,Beginner,0.0,8.95,2.14
CR00060,2025-10,15,0.0,13.0,0.0,12.333333333333334,117,12.0,0.0,Digital Marketing,Free,Beginner,0.0,8.95,2.14
CR00060,2025-11,12,0.0,15.0,0.0,13.666666666666666,132,21.0,0.0,Digital Marketing,Free,Beginner,0.0,8.95,2.14
